"Col1","Col2","Col3"
1,2.718281828459045,true
2,3.141592653589793,false
3,1.4142135623730951,true
4,42.0,false
